{
  "equip_action_ids": [],
  "equip_actions_available": 0,
  "evaluation": {
    "achieved": [
      {
        "bucket": "A",
        "kind": "card",
        "name": "Fiendsmith's Desirae",
        "notes": "needs equip spell / links equipped to be online",
        "zone": "field"
      },
      {
        "bucket": "B",
        "kind": "condition",
        "name": "Fiendsmith in Paradise in GY",
        "notes": "endboard trap live in GY; ideally Desirae remains in Extra Deck (best target)",
        "zone": "gy"
      },
      {
        "bucket": "S",
        "kind": "condition",
        "name": "Desirae equipped link",
        "notes": "Desirae with equipped Link rating",
        "zone": "field"
      }
    ],
    "rank_key": [
      true,
      true,
      1
    ],
    "summary": "S=1 A=1 B=1"
  },
  "final_snapshot": {
    "equipped_link_totals": [
      {
        "name": "Fiendsmith's Desirae",
        "total": 1
      }
    ],
    "zones": {
      "banished": [],
      "deck": [
        "The Duke of Demise",
        "Buio the Dawn's Light",
        "Lacrima the Crimson Tears",
        "Luce the Dusk's Dark",
        "Fiendsmith's Tract",
        "Mutiny in the Sky",
        "Fiendsmith's Tract",
        "Fiendsmith's Sanct",
        "Fiendsmith Engraver",
        "Buio the Dawn's Light",
        "Mutiny in the Sky",
        "Fiendsmith in Paradise",
        "Fiendsmith's Tract",
        "Mutiny in the Sky",
        "Fiendsmith Engraver",
        "Fiendsmith Engraver",
        "The Duke of Demise",
        "Lacrima the Crimson Tears",
        "Luce the Dusk's Dark",
        "Buio the Dawn's Light",
        "The Duke of Demise"
      ],
      "extra": [
        "Fiendsmith's Lacrima",
        "Necroquip Princess",
        "Aerial Eater",
        "Snake-Eyes Doomed Dragon",
        "Fiendsmith's Rextremende",
        "A Bao A Qu, the Lightless Shadow",
        "Fiendsmith Kyrie",
        "Fiendsmith's Sequence",
        "Fiendsmith's Sequence",
        "Fiendsmith's Agnumday",
        "Muckraker From the Underworld",
        "Cross-Sheep",
        "S:P Little Knight"
      ],
      "field": [
        "Fiendsmith's Desirae"
      ],
      "gy": [
        "Fiendsmith in Paradise",
        "Fiendsmith's Sanct",
        "Fiendsmith Token",
        "Lacrima the Crimson Tears",
        "Fiendsmith's Sanct",
        "Fiendsmith Token"
      ],
      "hand": [
        "Fiendsmith in Paradise",
        "Luce the Dusk's Dark"
      ]
    }
  },
  "final_state_snapshot": {
    "events": [],
    "last_moved_to_gy": [],
    "normal_summon_set_used": true,
    "opt_used": {
      "20490:e1": true
    },
    "phase": "Main Phase 1",
    "restrictions": [],
    "turn_number": 1,
    "zones": {
      "banished": [],
      "deck": [
        {
          "cid": "20389",
          "metadata": {
            "_cdb_resolved_from": "name",
            "_cdb_resolved_id": 45445571,
            "attr": "DARK",
            "attribute": "DARK",
            "from_extra": true,
            "link_rating": 0,
            "race": "FIEND",
            "summon_type": "fusion"
          },
          "name": "The Duke of Demise",
          "properly_summoned": false
        },
        {
          "cid": "21624",
          "metadata": {
            "_cdb_resolved_from": "name",
            "_cdb_resolved_id": 19000848,
            "attr": "DARK",
            "attribute": "DARK",
            "from_extra": false,
            "link_rating": 0,
            "race": "FIEND",
            "summon_type": ""
          },
          "name": "Buio the Dawn's Light",
          "properly_summoned": false
        },
        {
          "cid": "20490",
          "metadata": {
            "_cdb_resolved_from": "name",
            "_cdb_resolved_id": 28803166,
            "attr": "LIGHT",
            "attribute": "LIGHT",
            "from_extra": false,
            "link_rating": 0,
            "race": "FIEND",
            "summon_type": ""
          },
          "name": "Lacrima the Crimson Tears",
          "properly_summoned": false
        },
        {
          "cid": "21625",
          "metadata": {
            "_cdb_resolved_from": "name",
            "_cdb_resolved_id": 45409943,
            "attr": "DARK",
            "attribute": "DARK",
            "from_extra": true,
            "link_rating": 0,
            "race": "FIEND",
            "summon_type": "fusion"
          },
          "name": "Luce the Dusk's Dark",
          "properly_summoned": false
        },
        {
          "cid": "20240",
          "metadata": {
            "_cdb_resolved_from": "name",
            "_cdb_resolved_id": 98567237,
            "attr": "",
            "attribute": "",
            "from_extra": false,
            "link_rating": 0,
            "race": "",
            "summon_type": ""
          },
          "name": "Fiendsmith's Tract",
          "properly_summoned": false
        },
        {
          "cid": "21626",
          "metadata": {
            "_cdb_resolved_from": "name",
            "_cdb_resolved_id": 71593652,
            "attr": "",
            "attribute": "",
            "from_extra": false,
            "link_rating": 0,
            "race": "",
            "summon_type": ""
          },
          "name": "Mutiny in the Sky",
          "properly_summoned": false
        },
        {
          "cid": "20240",
          "metadata": {
            "_cdb_resolved_from": "name",
            "_cdb_resolved_id": 98567237,
            "attr": "",
            "attribute": "",
            "from_extra": false,
            "link_rating": 0,
            "race": "",
            "summon_type": ""
          },
          "name": "Fiendsmith's Tract",
          "properly_summoned": false
        },
        {
          "cid": "20241",
          "metadata": {
            "_cdb_resolved_from": "name",
            "_cdb_resolved_id": 35552985,
            "attr": "",
            "attribute": "",
            "from_extra": false,
            "link_rating": 0,
            "race": "",
            "summon_type": ""
          },
          "name": "Fiendsmith's Sanct",
          "properly_summoned": false
        },
        {
          "cid": "20196",
          "metadata": {
            "_cdb_resolved_from": "name",
            "_cdb_resolved_id": 60764609,
            "attr": "LIGHT",
            "attribute": "LIGHT",
            "from_extra": false,
            "link_rating": 0,
            "race": "FIEND",
            "summon_type": ""
          },
          "name": "Fiendsmith Engraver",
          "properly_summoned": false
        },
        {
          "cid": "21624",
          "metadata": {
            "_cdb_resolved_from": "name",
            "_cdb_resolved_id": 19000848,
            "attr": "DARK",
            "attribute": "DARK",
            "from_extra": false,
            "link_rating": 0,
            "race": "FIEND",
            "summon_type": ""
          },
          "name": "Buio the Dawn's Light",
          "properly_summoned": false
        },
        {
          "cid": "21626",
          "metadata": {
            "_cdb_resolved_from": "name",
            "_cdb_resolved_id": 71593652,
            "attr": "",
            "attribute": "",
            "from_extra": false,
            "link_rating": 0,
            "race": "",
            "summon_type": ""
          },
          "name": "Mutiny in the Sky",
          "properly_summoned": false
        },
        {
          "cid": "20251",
          "metadata": {
            "_cdb_resolved_from": "name",
            "_cdb_resolved_id": 99989863,
            "attr": "",
            "attribute": "",
            "from_extra": false,
            "link_rating": 0,
            "race": "",
            "summon_type": ""
          },
          "name": "Fiendsmith in Paradise",
          "properly_summoned": false
        },
        {
          "cid": "20240",
          "metadata": {
            "_cdb_resolved_from": "name",
            "_cdb_resolved_id": 98567237,
            "attr": "",
            "attribute": "",
            "from_extra": false,
            "link_rating": 0,
            "race": "",
            "summon_type": ""
          },
          "name": "Fiendsmith's Tract",
          "properly_summoned": false
        },
        {
          "cid": "21626",
          "metadata": {
            "_cdb_resolved_from": "name",
            "_cdb_resolved_id": 71593652,
            "attr": "",
            "attribute": "",
            "from_extra": false,
            "link_rating": 0,
            "race": "",
            "summon_type": ""
          },
          "name": "Mutiny in the Sky",
          "properly_summoned": false
        },
        {
          "cid": "20196",
          "metadata": {
            "_cdb_resolved_from": "name",
            "_cdb_resolved_id": 60764609,
            "attr": "LIGHT",
            "attribute": "LIGHT",
            "from_extra": false,
            "link_rating": 0,
            "race": "FIEND",
            "summon_type": ""
          },
          "name": "Fiendsmith Engraver",
          "properly_summoned": false
        },
        {
          "cid": "20196",
          "metadata": {
            "_cdb_resolved_from": "name",
            "_cdb_resolved_id": 60764609,
            "attr": "LIGHT",
            "attribute": "LIGHT",
            "from_extra": false,
            "link_rating": 0,
            "race": "FIEND",
            "summon_type": ""
          },
          "name": "Fiendsmith Engraver",
          "properly_summoned": false
        },
        {
          "cid": "20389",
          "metadata": {
            "_cdb_resolved_from": "name",
            "_cdb_resolved_id": 45445571,
            "attr": "DARK",
            "attribute": "DARK",
            "from_extra": true,
            "link_rating": 0,
            "race": "FIEND",
            "summon_type": "fusion"
          },
          "name": "The Duke of Demise",
          "properly_summoned": false
        },
        {
          "cid": "20490",
          "metadata": {
            "_cdb_resolved_from": "name",
            "_cdb_resolved_id": 28803166,
            "attr": "LIGHT",
            "attribute": "LIGHT",
            "from_extra": false,
            "link_rating": 0,
            "race": "FIEND",
            "summon_type": ""
          },
          "name": "Lacrima the Crimson Tears",
          "properly_summoned": false
        },
        {
          "cid": "21625",
          "metadata": {
            "_cdb_resolved_from": "name",
            "_cdb_resolved_id": 45409943,
            "attr": "DARK",
            "attribute": "DARK",
            "from_extra": true,
            "link_rating": 0,
            "race": "FIEND",
            "summon_type": "fusion"
          },
          "name": "Luce the Dusk's Dark",
          "properly_summoned": false
        },
        {
          "cid": "21624",
          "metadata": {
            "_cdb_resolved_from": "name",
            "_cdb_resolved_id": 19000848,
            "attr": "DARK",
            "attribute": "DARK",
            "from_extra": false,
            "link_rating": 0,
            "race": "FIEND",
            "summon_type": ""
          },
          "name": "Buio the Dawn's Light",
          "properly_summoned": false
        },
        {
          "cid": "20389",
          "metadata": {
            "_cdb_resolved_from": "name",
            "_cdb_resolved_id": 45445571,
            "attr": "DARK",
            "attribute": "DARK",
            "from_extra": true,
            "link_rating": 0,
            "race": "FIEND",
            "summon_type": "fusion"
          },
          "name": "The Duke of Demise",
          "properly_summoned": false
        }
      ],
      "extra": [
        {
          "cid": "20214",
          "metadata": {
            "_cdb_resolved_from": "name",
            "_cdb_resolved_id": 46640168,
            "attr": "LIGHT",
            "attribute": "LIGHT",
            "from_extra": true,
            "link_rating": 0,
            "race": "FIEND",
            "summon_type": "fusion"
          },
          "name": "Fiendsmith's Lacrima",
          "properly_summoned": false
        },
        {
          "cid": "20423",
          "metadata": {
            "_cdb_resolved_from": "name",
            "_cdb_resolved_id": 93860227,
            "attr": "DARK",
            "attribute": "DARK",
            "from_extra": true,
            "link_rating": 0,
            "race": "FIEND",
            "summon_type": "fusion"
          },
          "name": "Necroquip Princess",
          "properly_summoned": false
        },
        {
          "cid": "20427",
          "metadata": {
            "_cdb_resolved_from": "name",
            "_cdb_resolved_id": 28143384,
            "attr": "WIND",
            "attribute": "WIND",
            "from_extra": true,
            "link_rating": 0,
            "race": "FIEND",
            "summon_type": "fusion"
          },
          "name": "Aerial Eater",
          "properly_summoned": false
        },
        {
          "cid": "20772",
          "metadata": {
            "_cdb_resolved_from": "name",
            "_cdb_resolved_id": 58071334,
            "attr": "FIRE",
            "attribute": "FIRE",
            "from_extra": true,
            "link_rating": 0,
            "race": "DRAGON",
            "summon_type": "fusion"
          },
          "name": "Snake-Eyes Doomed Dragon",
          "properly_summoned": false
        },
        {
          "cid": "20774",
          "metadata": {
            "_cdb_resolved_from": "name",
            "_cdb_resolved_id": 11464648,
            "attr": "LIGHT",
            "attribute": "LIGHT",
            "from_extra": true,
            "link_rating": 0,
            "race": "FIEND",
            "summon_type": "fusion"
          },
          "name": "Fiendsmith's Rextremende",
          "properly_summoned": false
        },
        {
          "cid": "20786",
          "metadata": {
            "_cdb_resolved_from": "name",
            "_cdb_resolved_id": 4731783,
            "attr": "DARK",
            "attribute": "DARK",
            "from_extra": true,
            "link_rating": 4,
            "race": "FIEND",
            "summon_type": "link"
          },
          "name": "A Bao A Qu, the Lightless Shadow",
          "properly_summoned": false
        },
        {
          "cid": "20816",
          "metadata": {
            "_cdb_resolved_from": "name",
            "_cdb_resolved_id": 26434972,
            "attr": "",
            "attribute": "",
            "from_extra": true,
            "link_rating": 0,
            "race": "",
            "summon_type": "fusion"
          },
          "name": "Fiendsmith Kyrie",
          "properly_summoned": false
        },
        {
          "cid": "20238",
          "metadata": {
            "_cdb_resolved_from": "name",
            "_cdb_resolved_id": 49867899,
            "attr": "LIGHT",
            "attribute": "LIGHT",
            "from_extra": true,
            "link_rating": 2,
            "race": "FIEND",
            "summon_type": "link"
          },
          "name": "Fiendsmith's Sequence",
          "properly_summoned": false
        },
        {
          "cid": "20226",
          "metadata": {
            "_cdb_resolved_from": "name",
            "_cdb_resolved_id": 49867899,
            "attr": "LIGHT",
            "attribute": "LIGHT",
            "from_extra": true,
            "link_rating": 2,
            "race": "FIEND",
            "summon_type": "link"
          },
          "name": "Fiendsmith's Sequence",
          "properly_summoned": false
        },
        {
          "cid": "20521",
          "metadata": {
            "_cdb_resolved_from": "name",
            "_cdb_resolved_id": 32991300,
            "attr": "LIGHT",
            "attribute": "LIGHT",
            "from_extra": true,
            "link_rating": 3,
            "race": "FIEND",
            "summon_type": "link"
          },
          "name": "Fiendsmith's Agnumday",
          "properly_summoned": false
        },
        {
          "cid": "17806",
          "metadata": {
            "_cdb_resolved_from": "name",
            "_cdb_resolved_id": 71607202,
            "attr": "DARK",
            "attribute": "DARK",
            "from_extra": true,
            "link_rating": 2,
            "race": "FIEND",
            "summon_type": "link"
          },
          "name": "Muckraker From the Underworld",
          "properly_summoned": false
        },
        {
          "cid": "14856",
          "metadata": {
            "_cdb_resolved_from": "name",
            "_cdb_resolved_id": 50277355,
            "attr": "EARTH",
            "attribute": "EARTH",
            "from_extra": true,
            "link_rating": 2,
            "race": "BEAST",
            "summon_type": "link"
          },
          "name": "Cross-Sheep",
          "properly_summoned": false
        },
        {
          "cid": "19188",
          "metadata": {
            "_cdb_resolved_from": "name",
            "_cdb_resolved_id": 29301450,
            "attr": "DARK",
            "attribute": "DARK",
            "from_extra": true,
            "link_rating": 2,
            "race": "WARRIOR",
            "summon_type": "link"
          },
          "name": "S:P Little Knight",
          "properly_summoned": false
        }
      ],
      "field_zones": {
        "emz": [
          null,
          null
        ],
        "fz": [
          null
        ],
        "mz": [
          null,
          {
            "cid": "20215",
            "equipped": [
              {
                "cid": "20225",
                "metadata": {
                  "_cdb_resolved_from": "name",
                  "_cdb_resolved_id": 2463794,
                  "attr": "LIGHT",
                  "attribute": "LIGHT",
                  "from_extra": true,
                  "link_rating": 1,
                  "race": "FIEND",
                  "summon_type": "link"
                },
                "name": "Fiendsmith's Requiem",
                "properly_summoned": true
              }
            ],
            "metadata": {
              "_cdb_resolved_from": "name",
              "_cdb_resolved_id": 82135803,
              "attr": "LIGHT",
              "attribute": "LIGHT",
              "from_extra": true,
              "link_rating": 0,
              "race": "FIEND",
              "summon_type": "fusion"
            },
            "name": "Fiendsmith's Desirae",
            "properly_summoned": true
          },
          null,
          null,
          null
        ],
        "stz": [
          null,
          null,
          null,
          null,
          null
        ]
      },
      "gy": [
        {
          "cid": "20251",
          "metadata": {
            "_cdb_resolved_from": "name",
            "_cdb_resolved_id": 99989863,
            "attr": "",
            "attribute": "",
            "from_extra": false,
            "link_rating": 0,
            "race": "",
            "summon_type": ""
          },
          "name": "Fiendsmith in Paradise",
          "properly_summoned": false
        },
        {
          "cid": "20241",
          "metadata": {
            "_cdb_resolved_from": "name",
            "_cdb_resolved_id": 35552985,
            "attr": "",
            "attribute": "",
            "from_extra": false,
            "link_rating": 0,
            "race": "",
            "summon_type": ""
          },
          "name": "Fiendsmith's Sanct",
          "properly_summoned": false
        },
        {
          "cid": "FIENDSMITH_TOKEN",
          "metadata": {
            "atk": 0,
            "attribute": "LIGHT",
            "card_type": "monster",
            "def": 0,
            "level": 1,
            "race": "FIEND",
            "subtype": "token"
          },
          "name": "Fiendsmith Token",
          "properly_summoned": false
        },
        {
          "cid": "20490",
          "metadata": {
            "_cdb_resolved_from": "name",
            "_cdb_resolved_id": 28803166,
            "attr": "LIGHT",
            "attribute": "LIGHT",
            "from_extra": false,
            "link_rating": 0,
            "race": "FIEND",
            "summon_type": ""
          },
          "name": "Lacrima the Crimson Tears",
          "properly_summoned": false
        },
        {
          "cid": "20241",
          "metadata": {
            "_cdb_resolved_from": "name",
            "_cdb_resolved_id": 35552985,
            "attr": "",
            "attribute": "",
            "from_extra": false,
            "link_rating": 0,
            "race": "",
            "summon_type": ""
          },
          "name": "Fiendsmith's Sanct",
          "properly_summoned": false
        },
        {
          "cid": "FIENDSMITH_TOKEN",
          "metadata": {
            "atk": 0,
            "attribute": "LIGHT",
            "card_type": "monster",
            "def": 0,
            "level": 1,
            "race": "FIEND",
            "subtype": "token"
          },
          "name": "Fiendsmith Token",
          "properly_summoned": false
        }
      ],
      "hand": [
        {
          "cid": "20251",
          "metadata": {
            "_cdb_resolved_from": "name",
            "_cdb_resolved_id": 99989863,
            "attr": "",
            "attribute": "",
            "from_extra": false,
            "link_rating": 0,
            "race": "",
            "summon_type": ""
          },
          "name": "Fiendsmith in Paradise",
          "properly_summoned": false
        },
        {
          "cid": "21625",
          "metadata": {
            "_cdb_resolved_from": "name",
            "_cdb_resolved_id": 45409943,
            "attr": "DARK",
            "attribute": "DARK",
            "from_extra": true,
            "link_rating": 0,
            "race": "FIEND",
            "summon_type": "fusion"
          },
          "name": "Luce the Dusk's Dark",
          "properly_summoned": false
        }
      ]
    }
  },
  "hand_index": 2,
  "rank_key": [
    true,
    true,
    1
  ],
  "seed": 7
}
